{
  "a": "A:v6_chart_preflop",
  "b": "B:v4_1_classifier_retuned",
  "elapsed_s": 22.61,
  "A": {
    "matches": 100,
    "total_delta": 227601,
    "mean_delta": 2276.01,
    "stdev": 18130.602286259695,
    "stderr": 1813.0602286259696,
    "ci95": 3553.5980481069005,
    "ci_low": -1277.5880481069003,
    "ci_high": 5829.6080481069,
    "bb_per_100": 5.690025,
    "win_rate": 0.37
  },
  "B": {
    "matches": 100,
    "total_delta": 28837,
    "mean_delta": 288.37,
    "stdev": 13382.156286709522,
    "stderr": 1338.2156286709521,
    "ci95": 2622.902632195066,
    "ci_low": -2334.532632195066,
    "ci_high": 2911.272632195066,
    "bb_per_100": 0.720925,
    "win_rate": 0.39
  },
  "A_minus_B": {
    "matches": 100,
    "total_delta": 198764,
    "mean_delta": 1987.64,
    "stdev": 18759.86800933516,
    "stderr": 1875.9868009335162,
    "ci95": 3676.9341298296918,
    "ci_low": -1689.2941298296917,
    "ci_high": 5664.574129829692,
    "bb_per_100": 4.9691,
    "win_rate": 0.31
  },
  "t_stat": 1.0595170493795179
}
