{
  "a": "A:v6_chart_preflop",
  "b": "B:v4_1_classifier_retuned",
  "elapsed_s": 260.31,
  "A": {
    "matches": 100,
    "total_delta": 1295350,
    "mean_delta": 12953.5,
    "stdev": 27690.10296682068,
    "stderr": 2769.0102966820677,
    "ci95": 5427.260181496853,
    "ci_low": 7526.239818503147,
    "ci_high": 18380.76018149685,
    "bb_per_100": 32.38375,
    "win_rate": 0.44
  },
  "B": {
    "matches": 100,
    "total_delta": 861119,
    "mean_delta": 8611.19,
    "stdev": 21099.77928971406,
    "stderr": 2109.977928971406,
    "ci95": 4135.556740783956,
    "ci_low": 4475.633259216044,
    "ci_high": 12746.746740783958,
    "bb_per_100": 21.527975,
    "win_rate": 0.51
  },
  "A_minus_B": {
    "matches": 100,
    "total_delta": 434231,
    "mean_delta": 4342.31,
    "stdev": 28179.983815687763,
    "stderr": 2817.9983815687765,
    "ci95": 5523.276827874802,
    "ci_low": -1180.9668278748013,
    "ci_high": 9865.586827874802,
    "bb_per_100": 10.855775000000001,
    "win_rate": 0.36
  },
  "t_stat": 1.540919976534068
}
