{
  "a": "A:v6_chart_preflop",
  "b": "B:v4_1_classifier_retuned",
  "elapsed_s": 504.8,
  "A": {
    "matches": 100,
    "total_delta": 2753853,
    "mean_delta": 27538.53,
    "stdev": 26626.278338337223,
    "stderr": 2662.6278338337224,
    "ci95": 5218.750554314096,
    "ci_low": 22319.779445685905,
    "ci_high": 32757.280554314093,
    "bb_per_100": 68.846325,
    "win_rate": 0.7
  },
  "B": {
    "matches": 100,
    "total_delta": 1631329,
    "mean_delta": 16313.29,
    "stdev": 22876.732284707134,
    "stderr": 2287.673228470713,
    "ci95": 4483.839527802597,
    "ci_low": 11829.450472197404,
    "ci_high": 20797.129527802597,
    "bb_per_100": 40.783225,
    "win_rate": 0.63
  },
  "A_minus_B": {
    "matches": 100,
    "total_delta": 1122524,
    "mean_delta": 11225.24,
    "stdev": 26814.453156520503,
    "stderr": 2681.4453156520503,
    "ci95": 5255.632818678018,
    "ci_low": 5969.607181321981,
    "ci_high": 16480.872818678017,
    "bb_per_100": 28.063100000000002,
    "win_rate": 0.53
  },
  "t_stat": 4.186264748520648
}
