{
  "a": "A:v6_chart_preflop",
  "b": "B:v4_1_classifier_retuned",
  "elapsed_s": 225.06,
  "A": {
    "matches": 100,
    "total_delta": 1122189,
    "mean_delta": 11221.89,
    "stdev": 27489.982623572963,
    "stderr": 2748.9982623572964,
    "ci95": 5388.036594220301,
    "ci_low": 5833.853405779699,
    "ci_high": 16609.9265942203,
    "bb_per_100": 28.054724999999998,
    "win_rate": 0.44
  },
  "B": {
    "matches": 100,
    "total_delta": 466972,
    "mean_delta": 4669.72,
    "stdev": 19237.96682283145,
    "stderr": 1923.7966822831452,
    "ci95": 3770.6414972749644,
    "ci_low": 899.0785027250358,
    "ci_high": 8440.361497274964,
    "bb_per_100": 11.6743,
    "win_rate": 0.46
  },
  "A_minus_B": {
    "matches": 100,
    "total_delta": 655217,
    "mean_delta": 6552.17,
    "stdev": 28223.34177253275,
    "stderr": 2822.334177253275,
    "ci95": 5531.774987416418,
    "ci_low": 1020.3950125835818,
    "ci_high": 12083.944987416418,
    "bb_per_100": 16.380425000000002,
    "win_rate": 0.39
  },
  "t_stat": 2.321542945838058
}
