{
  "a": "A:v7_range_equity",
  "b": "B:v6_chart_preflop",
  "elapsed_s": 69.13,
  "A": {
    "matches": 100,
    "total_delta": 1486917,
    "mean_delta": 14869.17,
    "stdev": 18748.817768549645,
    "stderr": 1874.8817768549645,
    "ci95": 3674.7682826357304,
    "ci_low": 11194.40171736427,
    "ci_high": 18543.938282635732,
    "bb_per_100": 37.172925,
    "win_rate": 0.75
  },
  "B": {
    "matches": 100,
    "total_delta": 674961,
    "mean_delta": 6749.61,
    "stdev": 21426.05761230842,
    "stderr": 2142.6057612308423,
    "ci95": 4199.507292012451,
    "ci_low": 2550.1027079875485,
    "ci_high": 10949.117292012452,
    "bb_per_100": 16.874025,
    "win_rate": 0.44
  },
  "A_minus_B": {
    "matches": 100,
    "total_delta": 811956,
    "mean_delta": 8119.56,
    "stdev": 19423.079857684254,
    "stderr": 1942.3079857684254,
    "ci95": 3806.923652106114,
    "ci_low": 4312.6363478938865,
    "ci_high": 11926.483652106115,
    "bb_per_100": 20.2989,
    "win_rate": 0.56
  },
  "t_stat": 4.1803668931463
}
