{
  "a": "A:v7_range_equity",
  "b": "B:v6_chart_preflop",
  "elapsed_s": 304.83,
  "A": {
    "matches": 100,
    "total_delta": 1548356,
    "mean_delta": 15483.56,
    "stdev": 23250.385116097943,
    "stderr": 2325.038511609794,
    "ci95": 4557.075482755196,
    "ci_low": 10926.484517244804,
    "ci_high": 20040.635482755195,
    "bb_per_100": 38.70889999999999,
    "win_rate": 0.68
  },
  "B": {
    "matches": 100,
    "total_delta": 1122189,
    "mean_delta": 11221.89,
    "stdev": 27489.982623572963,
    "stderr": 2748.9982623572964,
    "ci95": 5388.036594220301,
    "ci_low": 5833.853405779699,
    "ci_high": 16609.9265942203,
    "bb_per_100": 28.054724999999998,
    "win_rate": 0.44
  },
  "A_minus_B": {
    "matches": 100,
    "total_delta": 426167,
    "mean_delta": 4261.67,
    "stdev": 28553.014425254434,
    "stderr": 2855.3014425254432,
    "ci95": 5596.390827349868,
    "ci_low": -1334.7208273498682,
    "ci_high": 9858.06082734987,
    "bb_per_100": 10.654175,
    "win_rate": 0.49
  },
  "t_stat": 1.4925464388904097
}
