{
  "a": "A:v8_1_board_nutted",
  "b": "B:v7_range_equity",
  "elapsed_s": 368.72,
  "A": {
    "matches": 100,
    "total_delta": 1565370,
    "mean_delta": 15653.7,
    "stdev": 23321.501324535326,
    "stderr": 2332.1501324535325,
    "ci95": 4571.014259608924,
    "ci_low": 11082.685740391076,
    "ci_high": 20224.714259608925,
    "bb_per_100": 39.13425,
    "win_rate": 0.69
  },
  "B": {
    "matches": 100,
    "total_delta": 1548356,
    "mean_delta": 15483.56,
    "stdev": 23250.385116097943,
    "stderr": 2325.038511609794,
    "ci95": 4557.075482755196,
    "ci_low": 10926.484517244804,
    "ci_high": 20040.635482755195,
    "bb_per_100": 38.70889999999999,
    "win_rate": 0.68
  },
  "A_minus_B": {
    "matches": 100,
    "total_delta": 17014,
    "mean_delta": 170.14,
    "stdev": 2809.814829155369,
    "stderr": 280.9814829155369,
    "ci95": 550.7237065144523,
    "ci_low": -380.5837065144523,
    "ci_high": 720.8637065144522,
    "bb_per_100": 0.42534999999999995,
    "win_rate": 0.08
  },
  "t_stat": 0.6055203290785682
}
