{
  "a": "A:v8_board_nutted",
  "b": "B:v7_range_equity",
  "elapsed_s": 93.5,
  "A": {
    "matches": 100,
    "total_delta": 1334991,
    "mean_delta": 13349.91,
    "stdev": 19270.83999736232,
    "stderr": 1927.083999736232,
    "ci95": 3777.0846394830146,
    "ci_low": 9572.825360516985,
    "ci_high": 17126.994639483015,
    "bb_per_100": 33.374775,
    "win_rate": 0.69
  },
  "B": {
    "matches": 100,
    "total_delta": 1486917,
    "mean_delta": 14869.17,
    "stdev": 18748.817768549645,
    "stderr": 1874.8817768549645,
    "ci95": 3674.7682826357304,
    "ci_low": 11194.40171736427,
    "ci_high": 18543.938282635732,
    "bb_per_100": 37.172925,
    "win_rate": 0.75
  },
  "A_minus_B": {
    "matches": 100,
    "total_delta": -151926,
    "mean_delta": -1519.26,
    "stdev": 9617.931634276476,
    "stderr": 961.7931634276476,
    "ci95": 1885.1146003181893,
    "ci_low": -3404.3746003181896,
    "ci_high": 365.85460031818934,
    "bb_per_100": -3.79815,
    "win_rate": 0.04
  },
  "t_stat": -1.5796119766391838
}
