{
  "a": "A:v8_board_nutted",
  "b": "B:v7_range_equity",
  "elapsed_s": 373.22,
  "A": {
    "matches": 100,
    "total_delta": 1539255,
    "mean_delta": 15392.55,
    "stdev": 23592.50935196863,
    "stderr": 2359.250935196863,
    "ci95": 4624.131832985851,
    "ci_low": 10768.418167014148,
    "ci_high": 20016.68183298585,
    "bb_per_100": 38.48137499999999,
    "win_rate": 0.67
  },
  "B": {
    "matches": 100,
    "total_delta": 1548356,
    "mean_delta": 15483.56,
    "stdev": 23250.385116097943,
    "stderr": 2325.038511609794,
    "ci95": 4557.075482755196,
    "ci_low": 10926.484517244804,
    "ci_high": 20040.635482755195,
    "bb_per_100": 38.70889999999999,
    "win_rate": 0.68
  },
  "A_minus_B": {
    "matches": 100,
    "total_delta": -9101,
    "mean_delta": -91.01,
    "stdev": 6913.608715030484,
    "stderr": 691.3608715030484,
    "ci95": 1355.067308145975,
    "ci_low": -1446.077308145975,
    "ci_high": 1264.057308145975,
    "bb_per_100": -0.227525,
    "win_rate": 0.11
  },
  "t_stat": -0.13163892223483856
}
