{
  "a": "A:v9_exploits_v2",
  "b": "B:v8_1_board_nutted",
  "elapsed_s": 365.47,
  "A": {
    "matches": 100,
    "total_delta": 1761056,
    "mean_delta": 17610.56,
    "stdev": 25796.321832134727,
    "stderr": 2579.6321832134727,
    "ci95": 5056.0790790984065,
    "ci_low": 12554.480920901595,
    "ci_high": 22666.639079098408,
    "bb_per_100": 44.0264,
    "win_rate": 0.67
  },
  "B": {
    "matches": 100,
    "total_delta": 1565370,
    "mean_delta": 15653.7,
    "stdev": 23321.501324535326,
    "stderr": 2332.1501324535325,
    "ci95": 4571.014259608924,
    "ci_low": 11082.685740391076,
    "ci_high": 20224.714259608925,
    "bb_per_100": 39.13425,
    "win_rate": 0.69
  },
  "A_minus_B": {
    "matches": 100,
    "total_delta": 195686,
    "mean_delta": 1956.86,
    "stdev": 9349.940196448944,
    "stderr": 934.9940196448945,
    "ci95": 1832.5882785039933,
    "ci_low": 124.27172149600665,
    "ci_high": 3789.448278503993,
    "bb_per_100": 4.89215,
    "win_rate": 0.38
  },
  "t_stat": 2.092911782198569
}
