{
  "a": "A:v9a_isolate_v2",
  "b": "B:v8_1_board_nutted",
  "elapsed_s": 96.88,
  "A": {
    "matches": 100,
    "total_delta": 1683924,
    "mean_delta": 16839.24,
    "stdev": 26182.610916917103,
    "stderr": 2618.26109169171,
    "ci95": 5131.791739715752,
    "ci_low": 11707.44826028425,
    "ci_high": 21971.031739715752,
    "bb_per_100": 42.0981,
    "win_rate": 0.56
  },
  "B": {
    "matches": 100,
    "total_delta": 1734386,
    "mean_delta": 17343.86,
    "stdev": 24332.10331553727,
    "stderr": 2433.210331553727,
    "ci95": 4769.092249845305,
    "ci_low": 12574.767750154697,
    "ci_high": 22112.952249845304,
    "bb_per_100": 43.35965,
    "win_rate": 0.63
  },
  "A_minus_B": {
    "matches": 100,
    "total_delta": -50462,
    "mean_delta": -504.62,
    "stdev": 21998.361028380034,
    "stderr": 2199.836102838003,
    "ci95": 4311.678761562486,
    "ci_low": -4816.298761562486,
    "ci_high": 3807.0587615624863,
    "bb_per_100": -1.26155,
    "win_rate": 0.19
  },
  "t_stat": -0.2293898165181447
}
