{
  "a": "A:v9c_isolate_v2",
  "b": "B:v8_1_board_nutted",
  "elapsed_s": 48.54,
  "A": {
    "matches": 100,
    "total_delta": 732960,
    "mean_delta": 7329.6,
    "stdev": 17265.78393613487,
    "stderr": 1726.5783936134872,
    "ci95": 3384.093651482435,
    "ci_low": 3945.5063485175656,
    "ci_high": 10713.693651482436,
    "bb_per_100": 18.324,
    "win_rate": 0.59
  },
  "B": {
    "matches": 100,
    "total_delta": 702490,
    "mean_delta": 7024.9,
    "stdev": 16741.512809827436,
    "stderr": 1674.1512809827436,
    "ci95": 3281.3365107261775,
    "ci_low": 3743.563489273822,
    "ci_high": 10306.236510726178,
    "bb_per_100": 17.56225,
    "win_rate": 0.56
  },
  "A_minus_B": {
    "matches": 100,
    "total_delta": 30470,
    "mean_delta": 304.7,
    "stdev": 4823.223228623294,
    "stderr": 482.3223228623294,
    "ci95": 945.3517528101655,
    "ci_low": -640.6517528101656,
    "ci_high": 1250.0517528101655,
    "bb_per_100": 0.76175,
    "win_rate": 0.24
  },
  "t_stat": 0.6317352226033531
}
